﻿<Window x:Class="RecipeAppGUI.MainWindow"
        xmlns="http://schemas.microsoft.com/winfx/2006/xaml/presentation"
        xmlns:x="http://schemas.microsoft.com/winfx/2006/xaml"
        xmlns:d="http://schemas.microsoft.com/expression/blend/2008"
        xmlns:mc="http://schemas.openxmlformats.org/markup-compatibility/2006"
        mc:Ignorable="d"
        Title="Recipe App" Height="600" Width="800">
	<Grid>
		<Grid.RowDefinitions>
			<RowDefinition Height="Auto"/>
			<RowDefinition Height="*"/>
			<RowDefinition Height="Auto"/>
		</Grid.RowDefinitions>

		<StackPanel Orientation="Horizontal" HorizontalAlignment="Center" Margin="10">
			<Button Content="Add Recipe" Click="AddRecipe_Click" Margin="5"/>
			<Button Content="Display All Recipes" Click="DisplayAllRecipes_Click" Margin="5"/>
			<Button Content="Filter Recipes" Click="FilterRecipes_Click" Margin="5"/>
			<Button Content="Create Menu" Click="CreateMenu_Click" Margin="5"/>
		</StackPanel>

		<ListView Name="RecipeListView" Grid.Row="1" Margin="10">
			<ListView.View>
				<GridView>
					<GridViewColumn Header="Name" DisplayMemberBinding="{Binding Name}" Width="200"/>
					<GridViewColumn Header="Total Calories" DisplayMemberBinding="{Binding TotalCalories}" Width="100"/>
				</GridView>
			</ListView.View>
		</ListView>

		<StackPanel Orientation="Horizontal" Grid.Row="2" HorizontalAlignment="Center" Margin="10">
			<TextBox Name="FilterIngredientTextBox" Width="200" Margin="5" PlaceholderText="Filter by Ingredient"/>
			<ComboBox Name="FilterFoodGroupComboBox" Width="200" Margin="5" PlaceholderText="Filter by Food Group"/>
			<TextBox Name="MaxCaloriesTextBox" Width="200" Margin="5" PlaceholderText="Max Calories"/>
			<Button Content="Apply Filter" Click="ApplyFilter_Click" Margin="5"/>
		</StackPanel>
	</Grid>
</Window>
